{
  "scenario_name": "nf80",
  "status": "Optimal",
  "objective_usd": 95126413968.85893,
  "lcoe_usd_per_mwh_served": 57.07559667781986,
  "total_demand_mwh": 1666674016.67,
  "served_energy_mwh": 1666674016.67,
  "unserved_energy_mwh": 0.0,
  "min_non_fossil_share_target": 0.8,
  "achieved_fossil_share_served_primary": 0.19999999989797104,
  "achieved_non_fossil_share_served_primary": 0.800000000102029,
  "achieved_solar_share_served": 0.8548765919977244,
  "achieved_non_fossil_share": 0.800000000102029,
  "share_metric_definition": "Primary generation share on served demand: fossil=(diesel+ccgt+coal)/served_demand, non_fossil=1-fossil. Battery discharge is excluded from share denominator.",
  "capacity_mw": {
    "solar": 810696.43,
    "battery": 488195.17,
    "diesel": 16913.446,
    "ccgt": 61776.599,
    "coal": 47468.641
  },
  "annual_generation_mwh": {
    "solar": 1424800603.342008,
    "diesel": 656295.948,
    "ccgt": 69289273.10439,
    "coal": 263389234.111561,
    "battery_charge": 703549153.012244,
    "battery_discharge": 612087765.4609343
  },
  "cost_components_by_technology": {
    "solar": {
      "capex_annualized_usd": 36867012138.69497,
      "fixed_om_usd": 4053482150.0,
      "var_om_usd": 0.0,
      "total_usd": 40920494288.69497
    },
    "battery": {
      "capex_annualized_usd": 23867403072.62088,
      "fixed_om_usd": 1301853786.6666665,
      "var_om_usd": 0.0,
      "total_usd": 25169256859.287548
    },
    "diesel": {
      "capex_annualized_usd": 516801550.1733243,
      "fixed_om_usd": 338268920.0,
      "var_om_usd": 173918426.22,
      "total_usd": 1028988896.3933244
    },
    "ccgt": {
      "capex_annualized_usd": 3841219712.7953115,
      "fixed_om_usd": 926648985.0,
      "var_om_usd": 4711670571.098519,
      "total_usd": 9479539268.89383
    },
    "coal": {
      "capex_annualized_usd": 4776873480.567968,
      "fixed_om_usd": 1898745640.0,
      "var_om_usd": 11852515535.020245,
      "total_usd": 18528134655.58821
    }
  },
  "cost_component_totals": {
    "capex_annualized_usd": 69869309954.85245,
    "fixed_om_usd": 8518999481.666666,
    "var_om_usd": 16738104532.338764,
    "unserved_penalty_usd": 0.0
  },
  "fixed_cost_usd": {
    "solar": 40920494288.69497,
    "battery": 25169256859.287548,
    "diesel": 855070470.1733243,
    "ccgt": 4767868697.795311,
    "coal": 6675619120.567968
  },
  "variable_cost_usd": {
    "solar": 0.0,
    "diesel": 173918426.22,
    "ccgt": 4711670571.098519,
    "coal": 11852515535.020245
  },
  "unserved_penalty_usd": 0.0,
  "total_fixed_cost_usd": 78388309436.51912,
  "total_variable_cost_usd": 16738104532.338764,
  "voll_usd_per_mwh": 10000.0,
  "wacc_fraction": 0.08,
  "project_life_years": null,
  "technology_lifetimes_years": {
    "solar": 35.0,
    "battery": 20.0,
    "diesel": 20.0,
    "ccgt": 30.0,
    "coal": 40.0
  },
  "capacity_factor_constraints_applied": false,
  "battery": {
    "duration_hours": 4.0,
    "round_trip_efficiency": 0.87,
    "charge_efficiency": 0.9327379053088815,
    "discharge_efficiency": 0.9327379053088815
  },
  "ramp_rate_per_min_fraction_of_capacity": {
    "solar": 1.0,
    "battery": 1.0,
    "diesel": 0.4,
    "ccgt": 0.05,
    "coal": 0.02
  },
  "hours_modeled": 8784,
  "timestamp_start": "2024-01-01T00:00:00",
  "timestamp_end": "2024-12-31T23:00:00"
}